github_org,project_slug
0u0-ai,0u0-ai
0xboringsecurity,0x-boring-security
0xdeadlist,0x-dead-list
0x-echo,0x-echo
0xsplits,0x-splits
0x00dao,0x00dao
0x3327,0x3327
0xbcamp,0xbcamp
0xbootleggers,0xbootleggers
0xdeadlist,0xdeadlist
0xdeschool,0xdeschool
0xeigenlabs,0xeigenlabs
0xfableorg,0xfableorg
0xfundstarter,0xfundstarter
0xlighthouse,0xlighthouse
0xmetacrypt,0xmetacrypt
0xnextlabs,0xnextlabs
0xparc,0xparc
0xprimordia,0xprimordia
0xproject,0xproject
0xrivendell,0xrivendell
0xsquid,0xsquid
1inch,1-inch
123swapproject,123swapproject
153x153x153,153x153x153
180protocol,180protocol
1hive,1hive
1w3io,1w3
2pinetwork,2-pi-network
404-dao,404-dao
4everland,4everland
4seascm,4seascm
88mphapp,88-mph
bgd-labs,aave
aave,aave
abacus-network,abacus
gnidan,abi-to-sol-gnidan
aboard-exchange,aboard-exchange
abracadabra-money,abracadabra
accessgpt,accessgpt
accountjs,accountjs
across-protocol,across
acryptos,acrypto-s
actor-protocol,actor-protocol
adaptiveresources,adaptiveresources
adororg,adororg
adrastia-oracle,adrastia-oracle
aelinxyz,aelin
aerodrome-finance,aerodrome-finance
aestus-relay,aestus-relay
agregoreweb,agregore-browser-agregoreweb
aihackers,aihackers
aikilabs,aikilabs
aikilabs,aikipay
airgap-it,airgap-it
aktionariat,aktionariat
akula-bft,akula-bft
alasdao,alasdao
alchemix-finance,alchemix
alchemyplatform,alchemyplatform
aletheia-data,aletheia-data
algoveraai,algoveraai
all-weather-protocol,all-weather-protocol
allbridge-io,alliance-bridge
alloy-rs,alloy-rs
aloelabs,aloe-ii
alphadayhq,alphadayhq
alpsfinance,alpsfinance
alt-research,alt-research
altitudedefi,altitudedefi
alto-io,alto-io
ambiretech,ambiretech
amphitheatre-app,amphitheatre-app
andyjagoe,andyjagoe
angleprotocol,angle-protocol
anima-protocol,anima-protocol
ankr-network,ankr-network
ankurdaharwal,ankurdaharwal
anotherworlddao,another-world
anotherblock,anotherblock
antalpha-labs,antalpha-labs
antefinance,ante-finance
anyswap,anyswap
aoraki-labs,aoraki-labs
aori-io,aori-io
apeworx,ape-framework
aperture-finance,aperture-finance
apeworx,apeworx
apex-protocol,apex-protocol
aqaro-decentralized-real-estate,aqaro-decentralized-real-estate
aqkuperu,aqkuperu
aragon,aragon
aragonzkresearch,aragonzkresearch
arb-id,arb-id
arbirise,arbirise
primitivefinance,arbiter-primitivefinance
arbitrumexchange,arbitrumexchange
arbswap-official,arbswap-official
arcadia-finance,arcadia-finance
archlyorg,archlyorg
arken-lab,arken-lab
arlequinnft,arlequinnft
arm0ry,arm0ry
arpa-network,arpa-network
arrakisfinance,arrakis-finance
artblocks,artblocks
artdock,artdock
artgenexyz,artgenexyz
josephhai,artifymotion-josephhai
artist3-nft,artist3-nft
artozoproject,artozoproject
asilodigital,asilodigital
aspiringdevelopers,aspiringdevelopers
asseth,asseth
astralprotocol,astralprotocol
atilatech,atilatech
atlab-official,atlab-official
ato-nft,ato-nft
attentionadsqap,attentionadsqap
attestate,attestate
sbvegan,attestation-station-interface-sbvegan
atticc,atticc
attr-gallery,attr-gallery
atxdao,atxdao
auditdbio,auditdbio
aurafinance,aura
meta-node,aura-meta-node
helheimlabs,autochessia-helheimlabs
automata-network,automata-network
avaultfinance,avault
lucas-op,awesome-optimism-lucas-op
awesomezkp,awesomezkp
axelarnetwork,axelar
aya-labs,aya-labs
with-backed,backed
newdaojones,backpack-app
backstop-protocol,backstop-protocol
badger-finance,badger-finance
balancer,balancer
bandprotocol,band-protocol
bankless-academy,bankless-academy
bankless-africa,bankless-africa
bankless-card,bankless-card
banklessdao,banklessdao
banyancomputer,banyancomputer
barnbridge,barn-bridge
baseddotfarm,baseddotfarm
basepunkorg,basepunkorg
basexhq,basexhq
basicbeasts,basicbeasts
basin-global,basin-global
battledog-games,battledog-games
battlefly-game,battlefly-game
gobitfly,beacon-chain
beaconchain,beacon-chain
ethereum,beaconrunner-ethereum
beamer-bridge,beamer-bridge
beefyfinance,beefy-finance
beepo-app,beepo-app
beepopula,beepopula
beethovenxfi,beethoven-x
web3-oss,benzin-web3-oss
hyperledger,besu-hyperledger
better-feedback,better-feedback
bg-expiriments,bg-expiriments
bhavish-finance,bhavish-finance
bcnmy,biconomy
bioverse-labs,bioverse-labs
ibitlabs,bit-btc-protocol
bitcoindesign,bitcoindesign
bitkeepwallet,bitkeep
bitquery,bitquery
bladedaogames,bladedaogames
bleu-fi,bleu-fi
blobscan,blobscan
0xs34n,blockchain-cli-0xs34n
blockchainedindia,blockchainedindia
blockchainedu,blockchainedu
blockful-io,blockful-io
darrylyeo,blockhead-darryl-yeo
blockhead-info,blockhead-info
blocknative,blocknative
blockridenft-org,blockridenft-org
blockrockettech,blockrockettech
blockscout,blockscout
blocksecteam,blocksecteam
bloomnetwork,bloomnetwork
blossomlabs,blossomlabs
supranational,blst-supranational
bluematterlabs,blue-sweep
blurtopian,blurtopian
boardroom-inc,boardroom-inc
bond-protocol,bond-protocol
bondi-wealth-security,bondi-wealth-security
bonding-curves,bonding-curves
bootnodedev,bootnodedev
boringdao,boring-dao
botdao,botdao
bounty-x,bounty-x
bowhead,bowhead
brahma-fi,brahma
brancheai,brancheai
breadchaincoop,breadchaincoop
brightid,brightid
brilliantblocks,brilliantblocks
brokkrfinance,brokkrfinance
dcposch,btc-mirror
buidlguidl,buidlguidl
scaffold-eth,buidlguidl
buk-protocol,buk-protocol
bunniapp,bunniapp
justindomingue,bunnyai-justindomingue
bwarelabs,bwarelabs
ethereum,c-kzg-4844-ethereum
cadcad-org,cadcad-org
caladandao,caladandao
cambiatus,cambiatus
camelotlabs,camelotlabs
campus-voice,campus-voice
candidelabs,candide-labs
geohot,cannon-geohot
badboilabs,cannon-rs-badboilabs
canvasxyz,canvasxyz
capyloon,capyloon
carbonable,carbonable
carbontribe,carbontribe
carmineoptions,carmineoptions
cascadiacarbon,cascadiacarbon
cash4pr,cash4pr
cashmere-labs,cashmere-labs
caskprotocol,caskprotocol
catapulta-sh,catapulta-sh
ccpgames,ccpgames
celer-network,celer
celestiaorg,celestiaorg
censo-inc,censo-inc
certynetwork,certynetwork
chainhop-dex,chain-hop
chaineresearch,chaineresearch
chaingefinance,chaingefinance
smartcontractkit,chainlink
defillama,chainlist-defillama
chainpatrol,chainpatrol
chainpray,chainpray
chainsafe,chainsafe
chainstack,chainstack
chainwayxyz,chainwayxyz
changedoteth,changeth
charmverse,charmverse
charonamm,charonamm
chelofinance,chelofinance
chocomintapp,chocomintapp
chokepoint-dao,chokepoint-dao
chromatic-protocol,chromatic-protocol
chronicleprotocol,chronicleprotocol
makerdao,chronicleprotocol
chronosex,chronosex
cidgravity,cidgravity
cirrolytix,cirrolytix
citizenwallet,citizenwallet
cleanappio,cleanappio
clearpool-finance,clearpool-finance
cliqueofficial,cliqueofficial
closerdao,closerdao
cloudmex,cloudmex
clover-network,clover-network
clrfund,clrfund
co-vo-co,co-vo-co
code-423n4,code-423n4
codechecks,codechecks
codingshdev,codingshdev
coincashew,coin-cashew
coini-team,coini-team
coinpassport,coinpassport
coinvise,coinvise
commons-stack,commons-stack
commonsbuild,commonsbuild
communa,communa
communities-id,communities-id
composablefi,composablefi
compound-finance,compound-finance
therealbytes,concrete-geth-therealbytes
conduitxyz,conduitxyz
connext,connext
consenlabs,consenlabs
ethereum,consensus-specs-ethereum
contrix-zkid,contrix-zkid
coordinape,coordinape
copernicspace,copernicspace
copin-protocol,copin-protocol
copper-protocol,copper-protocol
cora-protocol,cora-protocol
emergent-reputation,core-emergent-reputation
corpus-io,corpus-io
cosmosforhumanity,cosmosforhumanity
covalenthq,covalenthq
cowri,cowri
cozy-finance,cozy-finance
cpa-protocol,cpa-protocol
crate-crypto,crate-crypto
creativeplatform,creativeplatform
creatordao-project,creatordao-project
crossbell-box,crossbell-box
crosschainlabs,crosschainlabs
crowdfundedcures,crowdfundedcures
crowdmuse,crowdmuse
crunchdao,crunchdao
crustio,crustio
cruzocards,cruzocards
paradigmxyz,cryo-paradigmxyz
cryptexfinance,cryptexfinance
cryptic-entertainments,cryptic-entertainments
crypto-apis,crypto-apis
dmihal,crypto-fees-dmihal
crypto-jobs-fyi,crypto-jobs-crawler
crypto-stats,crypto-stats
cryptocuriouspr,cryptocuriouspr
cryptofonts,cryptofonts
cryptopoker-nft,cryptopoker-nft
cryptosmartnow,cryptosmartnow
cryptowhizzard,cryptowhizzard
cryptozombieshq,cryptozombieshq
ctrlh,ctrlh
culture-blocks,culture-blocks
curvefi,curve
curve-labs,curve-labs
curvegrid,curvegrid-multibaas
cws-ecosystem,cws-ecosystem
cybercat-institute,cybercat-institute
cyberconnecthq,cyberconnecthq
cycle-stark,cycle-stark
cyfrin,cyfrin
dhedge,d-hedge
dagora-playground,dagora-playground
daimo-eth,daimo-eth
dorgtech,dao-drops-dorgtech
daobox,daobox
daomasons,daomasons
dapp-learning-dao,dapp-learning-dao
dapplet,dapplet
dappnetbby,dappnetbby
dappnode,dappnode
danielesalatti,dappnodepackage-optimism
dappradar,dappradar
dappreader,dappreader
dapphub,dapptools-dapphub
dappy-studio,dappy-studio
dappykit,dappykit
daqnext,daqnext
daredrop-xyz,daredrop-xyz
daring-crypto-ventures,daring-crypto-ventures
dasylang,dasylang
data4builders,data4builders
datalatte-ai,datalatte-ai
dataseekcn,dataseekcn
dataunion-app,dataunion-app
dataverse-os,dataverse-os
datonic,datonic
dbpunk-labs,db3-dbpunk-labs
dbookmarket,dbookmarket
debankdefi,de-bank
debridge-finance,debridge-finance
decartography,decartography
decentxyz,decent
decentragora,decentragora
decentralized-co-op,decentralized-co-op
decentralized-education,decentralized-education
decentri-fi,decentri-fi
decert-me,decert-me
decommas,decommas
dedaub,dedaub
dedge-project,dedge-project
deed3labs,deed3labs
deezstealth,deezstealth
defi-africa-network,defi-africa-network
defillama,defi-llama
llamaswap,defi-llama
llamapay,defi-llama
defi-wonderland,defi-wonderland
defiedge,defiedge
defientco,defientco
defieye,defieye
defilab-xyz,defilab-xyz
definomics-labs,definomics-labs
defluencer,defluencer
delegatexyz,delegatexyz
danielesalatti,delegation-tools
deltaport-io,deltaport-io
deltaprimelabs,deltaprimelabs
democracyearth,democracyearth
denotalabs,denotalabs
depayfi,depayfi
desci-asia,desci-asia
desci-latam,desci-latam
descier,descier
desciworlddao,desciworlddao
despace-community,despace-community
dethcrypto,dethcrypto
devopsdao,devopsdao
dex-guru,dex-guru
dexfinance-com,dexfinance-com
dexgridpr,dexgridpr
dexkit,dexkit
dfarchon,dfarchon
dfmlabltd,dfmlabltd
dforce-network,dforce-network
dfxswiss,dfxswiss
dggtech,dggtech
diadata-org,diadata-org
didshield,didshield
klayoracle,digioracle-klayoracle
digital-asset-solutions,digital-asset-solutions
digital-mob-filecoin,digital-mob-filecoin
digitaltrustprotocol,digitaltrustprotocol
dinngo,dinngo
dippixyz,dippixyz
directed-development-foundation,directed-development-foundation
discovery-labs,discovery-discovery-labs
hyphacoop,distributed-press
ethereum,distributed-validator-specs-ethereum
dittonetwork,dittonetwork
corpus-io,dm3-protocol
dmeter4dmrv,dmeter4dmrv
dna-seq,dna-seq
dodoex,dodoex
dolomite-exchange,dolomite-exchange
dom-money,dom-money
donft,donft
dopedao,dopedao
dopex-io,dopex-io
dorisprotocol,dorisprotocol
doublerpro,doublerpro
dragverse,dragverse
drips-network,drips-network
drum-n-bass,drum-n-bass
p2p-org,dshackle-p2p-org
dspytdao,dspytdao
dsrvlabs,dsrvlabs
earthist,earthist
easierdata,easier-data-initiative
echonft,echonft
eco-association,eco-association
eco-mint,eco-mint
ecoland-world,ecoland-world
ecomarketapp,ecomarketapp
ecopow,ecopow
ecosynthesisx,ecosynthesisx
sudograph,eden-network
edendao,edendao
edgeandnode,edgeandnode
edgeapp,edgeapp
eea-oasis,eea-oasis
efdevcon,efdevcon
eggcess-tech,eggcess-tech
ekonavi,ekonavi
efforg,electronic-frontier-foundation
elefria-labs,elefria-labs
elimudao,elimudao
elkfinance,elk-finance
emerald-dao,emerald-dao
aspiringsecurity,emttr-aspiringsecurity
encointer,encointer
endangeredtokens,endangeredtokens
endaoment,endaoment
zenbiteth,eneagon-zenbit-eth
ens-redirect,ens-redirect
ens-up,ens-up
blossomlabs,ens-wayback-machine
ensaawallet,ensaawallet
ensdomains,ensdomains
ensofinance,ensofinance
enviodev,enviodev
eoa-blockchain-labs,eoa-blockchain-labs
ephemery-testnet,ephemery-testnet
epochprotocol,epochprotocol
eponymous-labs,eponymous-labs
eppie-io,eppie-io
eqbtech,eqbtech
equilibria-xyz,equilibria-xyz
ercref,ercref
erganism,erganism
ledgerwatch,erigon-ledgerwatch
esatya,esatya
esteroids,esteroids
eth-cd,eth-cd
eth-infinitism,eth-infinitism-account-abstraction
ethlimo,eth-limo
ethereum,eth-portal-ethereum
eth-rebuild,eth-rebuild
stake-house,eth-wizard-stake-house
ethcali,ethcali
ethdominicana,ethdominicana
ethelo,ethelo
iainnash,ether-actor-iainnash
etherorcsofficial,ether-orcs
etheralpha,etheralpha
ethereansos,ethereansos
ethereum-attestation-service,ethereum-attestation-service
mohamedmansour,ethereum-burn-stats-mohamedmansour
ethereum,ethereum-cat-herders
ethereum-chile,ethereum-chile
ethereum-ecuador,ethereum-ecuador
blockchain-etl,ethereum-etl-blockchain-etl
eoa-blockchain-labs,ethereum-on-arm
ethereum,ethereum-org-website-ethereum
ethereumbarcelona,ethereumbarcelona
ethereumcn-eth,ethereumcn-eth
ethereumcolombia,ethereumcolombia
ethereumeg,ethereumeg
ethereumhn,ethereumhn
ethereumjs,ethereumjs
ethereumphone,ethereumphone
etheriot-games,etheriot-games
openzeppelin,ethernaut-openzeppelin
ethernautdao,ethernautdao
etherplay,etherplay
ethers-io,ethers-io
etherscan,etherscan
etherspot,etherspot
ethglobal,ethglobal
ethhub-io,ethhub-io
ethpandaops,ethpandaops
ethscriptions-protocol,ethscriptions-protocol
eth-educators,ethstaker
evergreencoin,evergreencoin
everyname-xyz,everyname-xyz
evm-diff,evm-diff
evm-ink,evm-ink
evmcrispr,evmcrispr
exactly,exactly
examp-llc,examp-llc
ethereum,execution-apis-ethereum
ethereum,execution-spec-tests-ethereum
ethereum,execution-specs-ethereum
exoblock,exoblock
exodusmovement,exodusmovement
externalshield,externalshield
extrafi,extra-finance
extracredit-team,extracredit-team
eywa-protocol,eywa-protocol
zkonduit,ezkl-zkonduit
ezswap-labs,ezswap-labs
f-o-a-m,f-o-a-m
f3-buidlers,f3-buidlers
fabdaotw,fabdaotw
face-protocol,face-protocol
factland,factland
fairdatasociety,fairdatasociety
fairmint,fairmint
familylyx,familylyx
gskril,farcaster-indexer-gskril
vrypan,farcaster-py-vrypan
farmly-finance,farmly-finance
fat-garage,fat-garage
fatcat-money,fatcat-money
favorlabs,favorlabs
ethereum,fe-ethereum
ferrumnet,ferrumnet
fiatconnect,fiat-connect
llifezou,fil-wallet-llifezou
filecoin-project,filecoin-project
filedrive-team,filedrive-team
fileverse,fileverse
filmineio,filmineio
filosofiacodigo,filosofiacodigo
turupawn,filosofiacodigo
filswan,filswan
lucasespinosa28,filwallet-lucasespinosa28
limone-eth,findcaster-limone-eth
finflix,finflix-demo-finflix
fioletxyz,fioletxyz
fission-codes,fission-codes
flaq-academy,flaq-academy
blockzerolabs,flashstake
flemingprotocol,flemingprotocol
flipsidecrypto,flipside-crypto
fluencelabs,fluencelabs
fluidity-money,fluidity-money
fluxprotocol,flux-protocol
footprintanalytics,footprintanalytics
forkinwisdom,forkinwisdom
forta-network,forta-network
fortapatterns,fortapatterns
fortressfinance,fortressfinance
forumdaos,forumdaos
foundry-rs,foundry
cyfrin,foundry-full-course-f23-cyfrin
fractal-visions,fractal-visions
fractalflows,fractalflows
frak-id,frak-id
floating,frame-floating
fraud-detection-and-defense,fraud-detection-and-defense
fraxfinance,fraxfinance
freedomofpress,freedom-of-the-press-foundation
freezingmoon,freezingmoon
friends-of-pooly,friends-of-pooly
froghub-io,froghub-io
fruteroclub,fruteroclub
fstarfi,fstarfi
fujicracy,fuji-finance
function03-labs,function03-labs
functionland,functionland
fundaomental,fundaomental
fundingthecommons,fundingthecommons
fundpg,fundpg
fungiprotocol,fungiprotocol
drum-n-bass,fusion-icons
fusionx-finance,fusionx-finance
g7dao,g7dao
gaia-os,gaia-os
gainforest,gainforest
gainsnetwork,gainsnetwork
galaxchat,galaxchat
galxe,galxe
gameland0,gameland0
gamepayy,gamepayy
artist3-nft,gamic-artist3-nft
gammastrategies,gammastrategies
gammaswap,gammaswap
garbiprotocol,garbiprotocol
poppunkllc,gaslitedrop-poppunkllc
gaslockr,gaslockr
gatorwalletlabs,gatorwalletlabs
ge-dex,ge-dex
gelatodigital,gelato
gemwalletcom,gemwalletcom
generalmagicio,generalmagicio
geo-web-project,geo-web
giftedbrainlab,giftedbrainlab
gigantix-wallet,gigantix-wallet
gitcoinco,gitcoin
moonshotcollective,gitcoin
allo-protocol,gitcoin
davidgasquez,gitcoin-grants-data-portal-davidgasquez
givepraise,givepraise
givestation,givestation
giveth,giveth
givvie,givvie
glacier-labs,glacier-labs
ethereum,glados-ethereum
glifio,glifio
glitter-finance,glitter-finance
glo-foundation,glo-foundation
global-interlink,global-interlink
glorylab,glorylab
glosseta,glosseta
gmlabsai,gmlabsai
gmx-io,gmx-io
gnosischain,gnosischain
ethereum,go-ethereum
miguelmota,go-ethereum-hdwallet-miguelmota
gobitfly,gobitfly
goerli,goerli
eth-clients,goerli-eth-clients
gooddollar,gooddollar
goodentry-io,goodentry-io
goodhive,goodhive
gopluslabs,gopluslabs
goplussecurity,goplussecurity
gorosen,gorosen
w3hc,gov-w3hc
governatorxyz,governator-xyz
gpad-lab,gpad-lab
gracie-platform,gracie-platform
the-granary,granary
grants-stack-frontier,grants-stack-frontier
grappafinance,grappafinance
grassrootseconomics,grassrootseconomics
grateful-protocol,grateful-protocol
gravita-protocol,gravita-protocol
commonsbuild,gravity-dao-archive
grayareaorg,gray-area-foundation-for-the-arts
grayareaorg,grayareaorg
green-digital-guardians,green-digital-guardians
grindery-io,grindery-io
growth-and-girders,growth-and-girders
growthepie,growthepie
guardianproject,guardian-project
guild-w,guild-w
guildxyz,guildxyz
gupta977,gupta977
gwamilabs,gwamilabs
gysr-io,gysr
hackdays-io,hackdays-io
hai-on-op,hai-on-op
hairdao,hairdao
mach-34,halo2-noir-mach-34
hamster-shared,hamster-shared
handle-fi,handle-fi
harambeeapps,harambeeapps
cgewecke,hardhat-gas-reporter-cgewecke
nomicfoundation,hardhat-nomicfoundation
zemse,hardhat-tracer-zemse
harvard-lil,harvard-library-innovation-lab
hashflownetwork,hashflow
hashkeydid,hashkeydid
hashkeyhub,hashkeyhub
hats-finance,hats-finance
hats-protocol,hats-protocol
hausdao,hausdao
heavenstoolsllc,heavenstoolsllc
hedgey-finance,hedgey-finance
hegic,hegic
helheimlabs,helheimlabs
help-grow,help-grow
hemifyorg,hemifyorg
sweetmantech,heno-relief-game-sweetmantech
here-wallet,here-wallet
herodotusdev,herodotusdev
hexpay-day,hexpay-day
hextrust,hextrust
heyxyz,heyxyz
hicommonwealth,hicommonwealth
hidden-moss,hidden-moss
hildobby,hildobby
optimism-java,hildr-optimism-java
ethereum,hive-ethereum
hmxorg,hmxorg
daring-crypto-ventures,hodl-totals
holographxyz,holograph
holonym-foundation,holonym-foundation
hop-protocol,hop-protocol
hrzaree1,hrzaree1
huddle01,huddle01
hrdag,human-rights-data-analysis-group
hummingbot,hummingbot
humpysgold,humpysgold
hundred-finance,hundred-finance
hypercerts-org,hypercerts
hyperliquid-dex,hyperliquid-dex
hyperoracle,hyperoracle
hypeshothq,hypeshothq
icatgame,icatgame
ichifarm,ichifarm
idena-network,idena-network
idle-finance,idle-finance
idle-labs,idle-finance
idriss-crypto,idriss-crypto
ikigai-labs-xyz,ikigai-labs-xyz
imbuenetwork,imbue
imbueworld,imbueworld
immunefi-team,immunefi-team
impact-finance,impact-finance
0xprimordia,impact-stream-0xprimordia
impactscribe,impactscribe
impermax-finance,impermax-finance
impersonator-eth,impersonator-eth
indexed-xyz,indexed-xyz
indexsupply,indexsupply
inferer,inferer
infinity-keys,infinity-keys
infinitywallet,infinitywallet
ingonyama-zk,ingonyama-zk
initc3,initc3
injectivelabs,injectivelabs
ink-finance-inc,ink-finance-inc
instadapp,insta-dapp
insuredao,insuredao
interest-protocol,interest-protocol
interlock-network,interlock-network
internetarchive,internet-archive
internetmaximalism,internetmaximalism
inversefinance,inverse-finance
inverternetwork,inverter-network
inverternetwork,inverternetwork
ipfs-shipyard,ipfs
ipfs,ipfs
ipld,ipfs
peergos,ipfs
multiformats,ipfs
ipfs-force-community,ipfs-force-community
ipfs-search,ipfs-search
utkucy,ipfs-webrtc-utkucy
zhangpeibin,ipfspace-zhangpeibin
ipsilon,ipsilon
iranunchained,iranunchained
ibdotxyz,iron-bank
iron-wallet,iron-wallet
irrigationprotocol,irrigationprotocol
irruptionlab,irruptionlab
itheum,itheum
ithil-protocol,ithil-protocol
itsobvioustech,itsobvioustech
itublockchain,itu-blockchain
ixofoundation,ixofoundation
j-labs-xyz,j-labs-xyz
jarvis-network,jarvis-network
jediswaplabs,jedi-swap
jefetoken,jefetoken
jiffy-labs,jiffy-labs
jobstash,jobstash
jojoexchange,jojoexchange
jk-labs-inc,jokerace-jk-labs-inc
jones-dao,jones-dao
journodao,journodao
ethereum,js-ethereum-cryptography-ethereum
smeee23,justcause-smeee23
justconnect,justconnect
kaifoundry,kaifoundry
kairosresearch,kairosresearch
kkrt-labs,kakarot-kkrt-labs
kassandrafinance,kassandrafinance
silverdoor-ai,kazoku-silverdoor-ai
kei-finance,kei-finance
kenlabs,kenlabs
kenshitech,kenshitech
kepler-homes,kepler-homes
keyko-io,keyko-io
keyring-so,keyring-so
kibi-navigation-hub,kibi-navigation-hub
kimberlite-labs,kimberlite-labs
attestate,kiwi-news-attestate
kkrt-labs,kkrt-labs
klayoracle,klayoracle
kleo-network,kleo-network
gwamilabs,kns-domains-gwamilabs
kolektivo,kolektivo
curve-labs,kolektivo
kommodolabs,kommodolabs
kontext-app,kontext-app
kotalco,kotalco
kovan-testnet,kovan-testnet
krebitdao,krebitdao
kredeum,kredeum
kromatika-finance,kromatika-finance
kulaearth,kulaearth
kwenta,kwenta
synthetixio,kwenta
kybernetwork,kyber-swap
ethereum,kzg-ceremony-specs-ethereum
xofee,kzg-marble-machine-xofee
l2beat,l2beat
l2planet,l2planet
labdao,labdao
laboriginweb3,laboriginweb3
labrys-group,labrys-group
ladiaria,ladiaria
lakat-os,lakat-os
latticexyz,latticexyz
lavanet,lavanet
layerzero-labs,layer-zero
layer2dao,layer2dao
layer2es,layer2es
layerswap,layerswap
leapdao,leapdao
learnweb3dao,learnweb3dao
leastauthority,leastauthority
pactum-verum,legalnft-pactum-verum
legatohq,legatohq
lemma-finance,lemma-finance
lemonatio,lemonatio
lenft,lenft
lensplay,lensplay
lenstags,lenstags
letoxyz,letoxyz
kalidao,lexdao
lexdao,lexdao
lifefram,lf-lifefram
libp2p,libp2p
libree,libree
lidofinance,lido
lifinance,lifinance
sigp,lighthouse-sigp
lighthouse-web3,lighthouse-web3
likecoin,likecoin
likvidi,likvidi
limechain,limechain
liminalvillage,liminalvillage
liquality,liquality
digoppgroup,liquid-resilience-digoppgroup
liquity,liquity
lit-protocol,lit-protocol
livepeer,livepeer
buidl-labs,livepeer-pricing-tool-buidl-labs
llamafolio,llamafolio
llamanodes,llamanodes
llamaxyz,llamaxyz
loansharktechteam,loanshark
locksmithwallet,locksmithwallet
chainsafe,lodestar-chainsafe
lodestarfinance,lodestarfinance
lokibuilder,lokibuilder
longevity-genie,longevity-genie
loty-io,loty-io
ludium-official,ludium-official
lumeweb,lume-web
lumeweb,lumeweb
lumi-labs,lumi-labs
lunargistics,lunargistics
luncosim,luncosim
lurk-lab,lurk-lab
lxdao-official,lxdao-official
lync-world,lync-world
lynx-earth,lynx-earth
lyra-finance,lyra-finance
m3tering,m3tering
m7eio,m7eio
mach-34,mach-34
maevent,maevent
magpiexyz,magpiexyz
makerdao,maker-dao
makewaterorg,makewaterorg
mangrovedao,mangrovedao
manifoldxyz,manifold
mantleswap,mantleswap
mapprotocol,mapprotocol
maven-foundation,maven-foundation
mawena-startup,mawena-startup
mayan-finance,mayan-finance
me3-eth,me3-eth
mean-finance,mean-finance
mechanism-institute,mechanism-institute
membranefi,membranefi
merkletreejs,merkletreejs
mesonfi,meson-fi
mesoreefdao,mesoreefdao
messari,messari
0xmetacrypt,metacrypt
metadatalabs,metadatalabs
metadexa,metadexa
blocksecteam,metadock-blocksecteam
metafam,metafam
metafam,metagame-metafam
metagov,metagov
metalineinfinity,metalineinfinity
defi-foundation,metalswap-defi-foundation
metamail,metamail
metamask,metamask
metapals,metapals
metopian,metopian
metricsdao,metricsdao
autonomoussoftware,metronome-autonomoussoftware
metronomo-xyz,metronomo-xyz
nerolation,mevboost-pics-nerolation
mevboostaa,mevboostaa
midaswap,midaswap
migalabs,migalabs
militereum,militereum
mindful-hacklab,mindful-hacklab
mindgames-io,mindgames-io
lab10-coop,minerva-wallet-lab10-coop
mint-tea-ethonline,mint-tea-ethonline
mirror-xyz,mirror
mississippi-labs,mississippi-labs
mofalabs,mofalabs
momentum-xyz,momentum-xyz
monezoxyz,monezoxyz
monkeyempire,monkeyempire
moonbasedao,moonbasedao
moonwell-fi,moonwell-fi
moralisweb3,moralisweb3
mosaicfun,mosaicfun
adebolaorogun,mosaicfun
moss-drive,moss-drive
motus-dao,motus-dao
mozaic-fi,mozaic-fi
moztw,moztw
muckrock,muck-rock-document-cloud
mufex-exchange,mufex-exchange
mds1,multicall-mds1
mummy-finance,mummy-finance
muragekibicho,muragekibicho
mutualsupply,mutualsupply
mux-world,mux-world
mvua-funds,mvua-funds
myseelia,myseelia
mysticswap,mysticswap
n0-computer,n0-computer
nacion-bankless,nacion-bankless
namesys-eth,namesys-eth
nativesintech,nativesintech
naturedefender-safaridao,naturedefender-safaridao
near-everything,near-everything
neondapp,neondapp
neptune-mutual-blue,neptune-mutual-blue
nerddao,nerddao
nethereum,nethereum-nethereum
nethermindeth,nethermindeth
neume-network,neume-network
nevermined-io,nevermined-io
newzchain,newzchain
nex-market,nex
nflow-label,nflow-label
optimus789,nft-game-machine-optimus789
nft-pricefloor,nft-pricefloor
nftearth,nftearth
nftperp,nftperp
nftprotect,nftprotect
nftscan-official,nftscan-official
nicenode,nicenode
niftykit-inc,nifty-kit
0xsequence,niftyswap
status-im,nimbus-status-im
nimi-app,nimi-app
no-impunity,no-impunity
nocodeclarity,nocodeclarity
node-real,node-real
nodeguardians,nodeguardians
nom-land,nom-land
nomadweb,nomadweb
nomis-cc,nomis-cc
notarizedscreenshot,notarizedscreenshot
notichain,notichain
notifi-network,notifi-network
notional-finance,notional-finance
ourzora,nouns-ourzora
numbersprotocol,numbersprotocol
numoen,numoen
o3labs,o-3-swap
obsidian-desci,obsidian-desci
oceanprotocol,oceanprotocol
official-moondao,official-moondao
olive-finance,olive-finance
olympusdao,olympus
omnibtc,omni-swap
omni-x-nft,omni-x-nft
omnibtc,omnibtc
matallo,onchain-reads-matallo
onchainmonopoly,onchainmonopoly
onion-dao,onion-dao
onlydustxyz,onlydustxyz
onlyfun-on2023,onlyfun-on2023
onlyfun2023,onlyfun-on2023
ethereum-optimism,op
asharibali,op-ai-web-asharibali
michael-vander-meiden,opdelegate-michael-vander-meiden
openarchive,open-archive
open-cann,open-cann
opendataforweb3,open-data-community-web3
open-defi-notification-protocol,open-defi-notification-protocol
open-oracle-origami,open-oracle-origami
open-rpc,open-rpc
projectopensea,open-sea
open-spellbook,open-spellbook
open-web-academy,open-web-academy
openbuildxyz,openbuildxyz
opendataforweb3,opendataforweb3
openethereum,openethereum
openfort-xyz,openfort-xyz
opengsn,opengsn
openleveragedev,openleveragedev
openlittermap,openlittermap
openocean-finance,openocean-finance
containerish,openregistry-containerish
opensensepw,opensensepw
opensource-observer,opensource-observer
openzeppelin,openzeppelin
opiumprotocol,opiumprotocol
opml-labs,opml-labs
opscientia,opscientia
opti-domains,opti-domains
truffle-box,optimism-box-truffle
buildooor,optimism-gas-tracker-buildooor
optimism-impact-ranking,optimism-impact-ranking
optimism-java,optimism-java
ethzoomer,optimism-prices
govguide,optimism-resource-center-govguide
optimystics,optimystics
optinames,optinames-optimismresolver
stevegachau,optinames-optimismresolver
orange-finance,orange-finance
orb-club,orb-club
orbiter-finance,orbiter-finance
orbuculum-dao,orbuculum-dao
orderlynetwork,orderlynetwork
ormi-labs,ormi-labs
orphic-verse,orphic-verse
othub-io,othub-io
otterscan,otterscan
otterspace-xyz,otterspace-xyz
outerbridgeio,outerbridgeio
ovnstable,overnight
plasma-group,ovm-plasma-group
oxcart,oxcart
oxlaunchpad,oxlaunchpad
p1m-ortho,p1m-ortho
p2plabsxyz,p2plabsxyz
pact-social,pact-social
pado-labs,pado-labs
paideia-ai,paideia-ai
generalmagicio,pairwise-general-magic
pancakeswap,pancakeswap
parametry-ai,parametry-ai
paraswap,paraswap
parmanuxyz,parmanuxyz
particle-network,particle-network
partituraio,partituraio
patricknercessian,patricknercessian
pear-protocol,pear-protocol
dao-xyz,peerbit-dao-xyz
peerwork,peerwork
pendle-finance,pendle-finance
pentaclexyz,pentaclexyz
people-dao,people-dao
pepemon-dao,pepemon-dao
perennis-dev,perennis-dev
permetsystems,permetsystems
perpetual-protocol,perpetual-protocol
perpie-io,perpie-io
pharoacm,pharoacm
pheasant-network,pheasant-network
phi-labs-inc,phi-labs-inc
photon-storage,photon-storage
photrek,photrek
phuquocdog,phuquocdog
pickle-finance,pickle-finance
piethereumhardware,piethereum-hardware
piethereumhardware,piethereumhardware
pikaprotocol,pika-protocol
pimlicolabs,pimlicolabs
pinedefi,pinedefi
pinkpaper,pinkpaper
pizzadao,pizzadao
planckerlabs,plancker-labs
planckerlabs,planckerlabs
planetable,planetable
planetarycouncil,planetarycouncil
plants-and-pillars,plants-and-pillars
playmint,playmint
plebbit,plebbit
plume-sig,plume-sig
plutusdao,plutusdao
ethereum,pm-ethereum
glorylab,poapin-glory-lab
pokt-foundation,pokt-foundation
pokt-network,pokt-network
polynomial-protocol,polynomial-protocol
polyphene,polyphene
polysensus,polysensus-chaintrap
ponder-surveys,ponder-surveys
pooltogether,pool-together
normdoow,poolfish-xyz
popcorn-limited,popcorn-limited
popcorndao,popcorn-limited
ethereum,portal-hive-ethereum
ethereum,portal-network-specs-ethereum
portraitgg,portraitgg
poseidon-zkp,poseidon-zkp
positiveblockchain,positiveblockchain
postlight,postlight
help-grow,povp-help-grow
powerloom,powerloom
powerpool-finance,powerpool-finance
pranah,pranah
premian-labs,premiafinance
premiafinance,premiafinance
prepo-io,prepo-io
prettier-solidity,prettier-solidity
primex-finance,primex-finance
primordiumdao,primordiumdao
privx-exchange,privx-exchange
privy-io,privy-io
project-lion-ai,project-lion
project-lion-ai,project-lion-ai
refractor-labs,project-squallet-refractor-labs
proof-of-humanity,proof-of-humanity
chainwayxyz,proof-of-innocence-chainway
proofofbeer,proofofbeer
proots-foundation,proots-foundation
propy,propy
protobox-xyz,protobox-xyz
ethereum,protocol-guild
protocolguild,protocol-guild
protocolfun,protocolfun
protofire,protofire
provable-things,provable-things
proveuswrong,proveuswrong
proxifydao,proxifydao
prysmaticlabs,prysmaticlabs
psydao,psydao
public-assembly,public-assembly
publicnouns,publicnouns
pulsardefi,pulsardefi
pulsarswap,pulsarswap
punk-domains-2,punk-domains
punk-domains,punk-domains
iggy-social,punk-domains
pussy-financial,pussy-financial
pwnfinance,pwnfinance
ethereum,py-evm-ethereum
pyth-network,pyth-network
0xlaozi,qidao-mai-finance
publu,qidao-mai-finance
royalaid,qidao-mai-finance
qodafi,qodafi
notarizedscreenshot,quantum-oracle-notarizedscreenshot
quark-id,quark-id
quest3,quest-3
quest-chains,quest-chains
questbook,questbook
quixotic-dev,quix
qvrse-io,qvrse-io
r3vl,r3vl
rabani-to,rabani-to
rabbitholegg,rabbithole
radardao-xyz,radardao-xyz
radiant-capital,radiant-capital
radicalxchange,radicalxchange
radioshackswap,radio-shack-swap
radomnetwork,radomnetwork
ragetrade,ragetrade
raho11,raho11
raid-guild,raid-guild
rainbow-me,rainbow
ramsesexchange,ramsesexchange
range-protocol,range-protocol
rango-exchange,rango-exchange
rantomdotapp,rantomdotapp
rareskills,rareskills
rari-capital,rari
rarimo,rarimo
rave-names,rave-names
reach-sh,reach-sh
react-native-village,react-native-village
byte-masons,reaper-farm
reaudito-org,reaudito-org
redstone-finance,redstone-finance
refimedellin,refimedellin
rehold-io,rehold-io
rekthq,rekthq
relaycc,relaycc
relinkd,relinkd
ethereum,remix-project
renproject,ren
rentfun,rentfun
replica-io,replica-io
replicare-desci,replicare-desci
requestnetwork,requestnetwork
rere-recursos-regenerativos,rere-recursos-regenerativos
ethereum,research-ethereum
reservoirprotocol,reservoirprotocol
paradigmxyz,reth-paradigmxyz
fwb-creators,retropgf-hub-fwb-creators
revert-finance,revert-finance
revest-finance,revest-finance
bluealloy,revm-bluealloy
revokecash,revoke-cash
revokecash,revokecash
pgrandne,revolte-pgrandne
reyield-finance,reyield-finance
ricochet-exchange,ricochet-exchange
ethereum,rig-ethereum
rigoblock,rigo-block
ringsnetwork,ringsnetwork
ripaefinance,ripae
risedle,risedle
rite-of-moloch,rite-of-moloch
rndao,rndao
robo-labs,robo-labs
legatohq,robots-txt-legato-labs
rocket-pool,rocket-pool
0xfableorg,roll-op-0xfableorg
rotki,rotki
therougeproject,rouge-ticket
router-protocol,router-protocol
rubicondefi,rubicon
rune-box,rune-box
sifraitech,rust-kzg-sifraitech
rysk-finance,rysk-finance
saas3-foundation,saas3-foundation
sablier-labs,sablier
sadaiv-ci,sadaiv-ci
saddle-finance,saddle-finance
5afe,safe-global
safe-global,safe-global
safetechio,safehaven-io
safehaven-io,safehaven-io
safeyields,safeyields
salusec,salusec
samepage-network,samepage-network
saonetwork,saonetwork
satisfiedvagabonds,satisfiedvagabonds
satsuma-xyz,satsuma-xyz
savvy-finance,savvy-finance
scalind,scalind
scamsniffer,scamsniffer
scattering,scattering
thescinitiative,science-commons-initiative
scinet-inc,scinet-inc
scion-finance,scion-finance
scopelift,scope-lift
scribe-dao,scribe-dao
scryprotocol,scryprotocol
scyncro-gh,scyncro-gh
seal-inc,seal-inc
seamless-protocol,seamless-protocol
secured-finance,secured-finance
secureum,secureum-race
seedlefinance,seedle-finance
seedlefinance,seedlefinance
serenita-org,serenita-org
shadowsocks,shadowsocks
shambadynamic,shambadynamic
shapeshift,shapeshift
shenanigandapp,shenanigandapp
sherlock-audit,sherlock-audit
docnow,shift-collective
historypin,shift-collective
shipyard-software,shipyard-software
reaudito-org,shivarthu-democracy
show-karma,show-karma
showtime-xyz,showtime-xyz
shutter-network,shutter-network
signless-ux,signless-ux
sigp,sigp
silo-finance,silo-finance
slice-analytics,slice-analytics
slice-so,slice-so
slingshot-finance,slingshot
crytic,slither-crytic
bernatfp,slugs-protocol-bernatfp
smallbraingames,smallbraingames
smartinvoicexyz,smart-invoice-xyz
smartcontarct,smartcontarct
smartcontractkit,smartcontractkit
smartinvoicexyz,smartinvoicexyz
smartran,smartran
smoldapp,smoldapp
smolquants,smolquants
smoothly-protocol,smoothly-protocol
snapshot-labs,snapshot-labs
pcaversaccio,snekmate
snipermonke-projects,snipermonke-projects
social-dev-token,social-dev-token
sociallayer-im,sociallayer-im
socketdottech,socket
solace-labs,solace-labs
vectorized,solady-vectorized
mario-eth,soldeer-mario-eth
protofire,solhint-protofire
ratimon,solid-grinder-ratimon
ethereum,solidity
parmanuxyz,solidity-analyzer-parmanuxyz
sc-forks,solidity-coverage-sc-forks
solidity-guild,solidity-guild
soliditylabs,soliditylabs
solv-finance,solv-finance
solve3-org,solve3-org
someresatguides,someresatguides
somleng,somleng
somos-colledge,somos-colledge
sonne-finance,sonne-finance
soulwallet,soulwallet
soundxyz,sound-xyz
sourcecred,sourcecred
sourcifyeth,sourcify-ethereum
ethereum,sourcify-ethereum
spacemarketplace,spacemarketplace
spaghetteth,spaghetteth
spearbit,spearbit-portfolio
speciecircle,speciecircle
spect-ai,spect-ai
duneanalytics,spellbook-duneanalytics
sperax,sperax
spheronfdn,spheronfdn
sphinx-labs,sphinx-chugsplash
spilnotaxyz,spilnotaxyz
spindl-xyz,spindl-xyz
splash-org,splash-org
sprintcheckout,sprintcheckout
stableunit,stableunit
stacktical,stacktical
stackup-wallet,stackup
stake-house,stake-house
stakedao,stakedao
stakegarden,stakegarden
staketogether,staketogether
stampnetwork,stampnetwork
starboard-ventures,starboard-ventures
stargate-protocol,stargate-finance
the-candy-shop,starksheet
filecoin-project,starling-filecoin-project
starlinglab,starling-lab
stateborn,stateborn
statechannels,statechannels
statechannels,statechannels-statechannels
statelessart,stateless-art
statelessart,statelessart
status-im,status-im
statwig,statwig
steadefi,steadefi
steerprotocol,steer-protocol
stellaxyz,stellaxyz
stereum-dev,stereum-dev
stiame,stiame
storeros,storeros
storswift,storswift
streamethorg,streamethorg
efdevcon,streamethorg
subconsciousnetwork,subconsciousnetwork
suberra,suberra
oasisdex,summer-fi
sunrise-stake,sunrise-stake
superbridgeapp,superbridgeapp
superfluid-finance,superfluid
supermodularxyz,supermodular-xyz
supremedao,supremedao
sushiswap,sushi
swapline-com,swapline
swapsicledex,swapsicledex
swellnetwork,swellnetwork
swimgithub,swimgithub
whynotswitch,switch-electric
switchboard-xyz,switchboard-xyz
symbiosis-finance,symbiosis-finance
symphony-finance,symphony-finance
synapsecns,synapse
synfutures,synfutures
synthetixio,synpress-synthexio
synthe-x,synthe-x
synthetixio,synthetix
synthetixio,synthetix-node-synthetixio
synthetixio,synthetixio
tablelandnetwork,tablelandnetwork
tahowallet,taho-wallet
takafuldao,takafuldao
talent-dao,talent-dao
talentlayer-labs,talentlayer-labs
talentprotocol,talentprotocol
tapexyz,tapexyz
tarot-finance,tarot-finance
taterdao,taterdao
tcfev,tcfev
techstationspace,techstationspace
consensys,teku-consensys
tellor-io,tellor-io
templedao,templedao
tenderly,tenderly
testinprod-io,testinprod-io
google-research,text-to-text-transfer-transformer-google-research
textileio,textileio
thales-markets,thales
the-candy-shop,the-candy-shop
the-stack-report,the-stack-report
the-standard,the-standard
thebadge,thebadge
theblokc,theblokc
thedreamdao-eth,thedreamdao-eth
theforus,theforus
thegallerydao,thegallerydao
thelandgame,thelandgame
thelegacynetwork,thelegacynetwork
theredguild,theredguild
therougeproject,therougeproject
thescinitiative,thescinitiative
thirdweb-dev,third-web
thirdstorage,thirdstorage
threefoldfoundation,threefoldfoundation
threshold-network,threshold-network
thunderchatapp,thunder-chat-app
tickerdao,tickerdao
fiveelementslabs,tide-protocol-fiveelementslabs
tigris-trade,tigris-trade
tilataorg,tilataorg
timeswap-labs,timeswap-labs
tipccjs,tipcc
tickerdao,tkn-tickerdao
toaster-finance,toaster-finance
tockable,tockable
tokenbound,tokenbound
tokenengineeringcommunity,tokenengineeringcommunity
tokensoft,tokensoft_token-tokensoft
tomorrow-labs-africa,tomorrow-labs-africa
topianetwork,topianetwork
torproject,tor-project
tornadocash,tornadocash
torquefi,torquefi
tproofio,tproof
tracer-protocol,tracer-protocol
tradao-xyz,tradao-xyz
traderjoe-xyz,traderjoe-xyz
tradingview-alert-connector,tradingview-alert-connector
trailofbits,trailofbits
transeptorlabs,transeptorlabs
transit-finance,transit-finance
travenesia,travenesia
treasureproject,treasureproject
treejer,treejer
ethereum,trin-ethereum
troopfinance,troopfinance
tropykus,tropykus
trudan-studios,trudan-studios
trueblocks,trueblocks
truelevelsa,truelevelsa
truquest,truquest
trustalabs,trustalabs
trusted-seed,trusted-seed
vacekj,trusted-seed
tryethernal,tryethernal
turbo-eth,turbo-eth
twinquasar,twinquasar
twister-finance,twister-finance
twocents-os,twocents-os
vultureprime,tx-engine-vultureprime
txrx-research,txrx-research
dethcrypto,typechain-dethcrypto
ultrasoundmoney,ultrasoundmoney
umamidao,umamidao
umaprotocol,umaprotocol
scopelift,umbra
umbrella-network,umbrella-network
unchain-tech,unchain-tech
joohhnnn,understanding-optimism-codebase-joohhnnn
unhosted-wallet,unhosted-wallet
unishopteam,unishopteam
uniswap,uniswap
toknowwhy,unit-blocktree-toknowwhy
unit-chain,unit-chain
unitapapp,unitapapp
universaldot,universaldot
universexyz,universexyz
uniwhale-io,uniwhale-io
uniwhales,uniwhales
unlimitednetwork,unlimitednetwork
unlock-protocol,unlock-protocol
unruggable-labs,unruggable-labs
unsheth,unsheth
upala-digital-identity,upala-digital-identity
lbc-team,upchain-lbc-team
upnodedev,upnodedev
upto3xyz,upto3xyz
urbanika,urbanika
urbeeth,urbeeth
us3r-network,us3r-network
usecannon,usecannon
truefieng,usedapp-truefieng
wslyvh,useweb3
useweb3,useweb3
ustakingio,ustakingio
ethereum,utp-ethereum
uxuycom,uxuycom
validatoxyz,validatoxyz
valioxyz,valioxyz
vannalabs,vannalabs
aldenpang,vartisans-aldenpang
vaultka-project,vaultka-project
velaexchange,velaexchange
velodrome-finance,velodrome
vendorfinance,vendorfinance
venture-miner,venture-miner
vertex-protocol,vertex-protocol
vesperfi,vesper
vesta-protocol,vesta-protocol
viaprotocol,via-protocol
viaprize,viaprize
violet-verse,violet-verse
vmex-finance,vmex-finance
vocdoni,vocdoni
voicedeck,voicedeck
volaverse,volaverse
volmexfinance,volmex
voltz-protocol,voltz-protocol
voteagora,voteagora
vovofinance,vovofinance
vself-project,vself-project
vu3th,vu3th
vultureprime,vultureprime
vyper-protocol,vyper-protocol
laboriginweb3,w3-space-laborigin
w3b3d3v,w3b3d3v
w3hc,w3hc
w3projecthub,w3projecthub
truefieng,waffle-truefieng
wevm,wagmi-dev
wagmifund,wagmifund
wakeuplabs,wakeuplabs
qd-qd,wallet-abstraction-qd-qd
wallet-guard,wallet-guard
wallet-test-framework,wallet-test-framework
walletconnect,walletconnect
walletx-inc,walletx-inc
wallidprotocol,wallidprotocol
wanchain,wanchain
wardenswap,warden-swap
warmosaic,warmosaic
wasmedge,wasmedge
bacalhau-project,waterlily-bacalhau-project
wepiggy,we-piggy
weatherxm,weatherxm
weavrdao,weavrdao
web3,web3
web3-oss,web3-oss
uniswap,web3-react-uniswap
web3afrika,web3afrika
web3arabs,web3arabs
web3association,web3association
web3box-labs,web3box-labs
web3devcommunity,web3devcommunity
web3drop,web3drop
web3event,web3event
web3guardian,web3guardian
web3hacker-world,web3hacker-world
web3j,web3j
web3renewables,web3renewables
webrecorder,webrecorder
weekinethnews,weekinethnews
weichain,weichain
hldb,welo-hldb
whal3s-xyz,whal3s-xyz
shazow,whatsabi-shazow
whitehatdao,white-hat-dao
whitehatdao,whitehatdao
whynotswitch,whynotswitch
widolabs,wido
jolly-roger-eth,wighawag
wighawag,wighawag
wild-friends,wild-friends
wildcards-protocol,wildcards-protocol
winrprotocol,winrprotocol
wireshape,wireshape
wise-crowds-liberating-structures,wise-crowds-liberating-structures
withtally,withtally
witness,witness
witnet,witnet
wizard-scientific,wizard-scientific
wombat-exchange,wombat-exchange
wombex-finance,wombex-finance
womenbiz,womenbiz
woonetwork,woonetwork
fat-garage,word-block-fat-garage
thewebfoundation,world-wide-web-foundation
worldcoin,worldcoin
xlabs,wormhole
wormhole-foundation,wormhole
davisshaver,wp-rainbow-davisshaver
write-link,write-link
wtfacademy,wtfacademy
wusirdcenter,wusirdcenter
wuw-whateveryouwant,wuw-whateveryouwant
xdao-app,x-dao
xtokenmarket,x-token
faircrypto,xen-crypto-faircrypto
xkcp,xkcp
xp-network,xp-network
xparametric,xparametric
xy-finance,xy-finance
y2k-finance,y2k-finance
yasp-fi,yasp-fi
yaudit,yaudit
aklevecz,yaytso-aklevecz
yearn,yearn
yieldprotocol,yieldprotocol
yieldyak,yieldyak
yldrcom,yldrcom
yokifinance,yokifinance
pingaowang,yolo2-pytorch-pingaowang
yubiai,yubiai
zama-ai,zama-ai
zaratandotworld,zaratandotworld
zcloak-network,zcloak-network
zenbiteth,zenbit-eth
zenbiteth,zenbiteth
zenguardxyz,zenguardxyz
zeriontech,zerion
zeroboundlabs,zeroboundlabs
zerodao,zerodao
zerodao-finance,zerodao-finance
zeroexchange,zeroex
zeroknowledgefm,zeroknowledgefm
zeron-protocol,zeron-protocol
zeropoolnetwork,zeropoolnetwork
zerufinance,zerufinance
zigzagexchange,zigzagexchange
zink-lang,zink-lang
elefria-labs,zk-block-elefria-labs
zkblind,zkblind
zkbob,zkbob
zkemail,zkemail
zklinkprotocol,zklinkprotocol
zkp2p,zkp2p
zkpodai,zkpodai
zkrankteam,zkrankteam
0xparc,zkrepl-0x-parc
zkvrf,zkvrf
zlibweb3,zlibweb3
zns-connect,zns-connect
zondax,zondax
zonicapp,zonicapp
ourzora,zora
zrex-finance,zrex-finance
zuland,zuland
zuzalu-housing,zuzalu-housing
zuzapp,zuzapp